{
  "admiration": 0.6564189760088021,
  "amusement": 0.6263330328813034,
  "anger": 0.7183779622525281,
  "annoyance": 0.6186611823629226,
  "approval": 0.5759634248174392,
  "caring": 0.6522019817297476,
  "confusion": 0.6123512116178171,
  "curiosity": 0.6663541656895456,
  "desire": 0.8393082433111874,
  "disappointment": 0.5653459591248025,
  "disapproval": 0.5669892941122555,
  "disgust": 0.6282252447712313,
  "embarrassment": 0.6795593080878648,
  "excitement": 0.6543109427196576,
  "fear": 0.583053142520395,
  "gratitude": 0.6805946992113583,
  "grief": 0.8060602964235981,
  "joy": 0.6754604232649033,
  "love": 0.611154998842423,
  "nervousness": 0.6209629234843362,
  "optimism": 0.7041308664418369,
  "pride": 0.7107022085918469,
  "realization": 0.677549714220039,
  "relief": 0.636303712074362,
  "remorse": 0.6373967869847939,
  "sadness": 0.6852251219274444,
  "surprise": 0.6626799348845925,
  "neutral": 0.5112620476746725
}