{
  "admiration": 0.6237550699560356,
  "amusement": 0.5752337763169274,
  "anger": 0.663561722974769,
  "annoyance": 0.5206492291879475,
  "approval": 0.6588807953321626,
  "caring": 0.625733367413072,
  "confusion": 0.7476920138094376,
  "curiosity": 0.6317017871286926,
  "desire": 0.7627595086110329,
  "disappointment": 0.5171276241205158,
  "disapproval": 0.5543074527540283,
  "disgust": 0.8206231121263149,
  "embarrassment": 0.48711629820108404,
  "excitement": 0.6397170930982928,
  "fear": 0.7050663171108105,
  "gratitude": 0.6513234913770044,
  "grief": 0.6121736714145887,
  "joy": 0.7010762517773098,
  "love": 0.6363340142845209,
  "nervousness": 0.8354392304684243,
  "optimism": 0.7390466290990491,
  "pride": 0.8607932598821011,
  "realization": 0.7284224741938388,
  "relief": 0.45334190265037533,
  "remorse": 0.6148740388771468,
  "sadness": 0.6418280301463524,
  "surprise": 0.7026574975583112,
  "neutral": 0.4710539990613553
}